{"cameraMode":{"drawMode":0,"name":"Shaded","section":"Shading Mode"},"sceneLighting":true,"audioPlay":false,"sceneViewState":{"showFog":true,"showMaterialUpdate":false,"showSkybox":true,"showFlares":true,"showImageEffects":true,"showParticleSystems":true},"in2DMode":false,"pivot":{"x":-1.9406648874282838,"y":4.397311210632324,"z":6.905665397644043},"rotation":{"x":-0.301272451877594,"y":0.040597863495349887,"z":-0.012840536423027516,"w":-0.9525870084762573},"size":4.181140899658203,"orthographic":false}