{"cameraMode":{"drawMode":0,"name":"Shaded","section":"Shading Mode"},"sceneLighting":true,"audioPlay":false,"sceneViewState":{"showFog":true,"showMaterialUpdate":false,"showSkybox":true,"showFlares":true,"showImageEffects":true,"showParticleSystems":true},"in2DMode":false,"pivot":{"x":-10.5343656539917,"y":-2.7768797874450685,"z":60.72435760498047},"rotation":{"x":-0.07191436737775803,"y":0.09619070589542389,"z":-0.0069688186049461369,"w":-0.9927371740341187},"size":68.4165267944336,"orthographic":false}