{"cameraMode":{"drawMode":0,"name":"Shaded","section":"Shading Mode"},"sceneLighting":true,"audioPlay":false,"sceneViewState":{"showFog":true,"showMaterialUpdate":false,"showSkybox":true,"showFlares":true,"showImageEffects":true,"showParticleSystems":true},"in2DMode":false,"pivot":{"x":-2.379164934158325,"y":2.0627927780151369,"z":8.382332801818848},"rotation":{"x":-0.25936293601989748,"y":-0.05588751658797264,"z":0.015035047195851803,"w":-0.9640443325042725},"size":7.571959018707275,"orthographic":false}